file,otimal,
f10_l-d_kp_20_879,1025.000000
f1_l-d_kp_10_269,295.000000
f2_l-d_kp_20_878,1024.000000
f3_l-d_kp_4_20,35.000000
f4_l-d_kp_4_11,23.000000
f5_l-d_kp_15_375,481.069400
f6_l-d_kp_10_60,52.000000
f7_l-d_kp_7_50,107.000000
f8_l-d_kp_23_10000,9767.000000
f9_l-d_kp_5_80,130.000000
